{
  "collapse-filter": true,
  "search": "",
  "showTags": true,
  "showAttachments": true,
  "hideUnresolved": false,
  "showOrphans": true,
  "collapse-color-groups": true,
  "colorGroups": [],
  "collapse-display": true,
  "showArrow": true,
  "textFadeMultiplier": -1,
  "nodeSizeMultiplier": 2.5067999301676,
  "lineSizeMultiplier": 2.37014228351955,
  "collapse-forces": false,
  "centerStrength": 0.544168994413408,
  "repelStrength": 12.5567388268156,
  "linkStrength": 0.758947276536313,
  "linkDistance": 342,
  "scale": 0.9718557861853836,
  "close": true
}