{
  "main": {
    "id": "3ea029047fdd8a21",
    "type": "split",
    "children": [
      {
        "id": "38af689e3a087874",
        "type": "tabs",
        "children": [
          {
            "id": "b53aaab48c3d8b0d",
            "type": "leaf",
            "pinned": true,
            "state": {
              "type": "markdown",
              "state": {
                "file": "α.md",
                "mode": "source",
                "backlinks": false,
                "source": false
              },
              "pinned": true
            }
          },
          {
            "id": "44425eb122499ff6",
            "type": "leaf",
            "state": {
              "type": "graph",
              "state": {}
            }
          }
        ],
        "currentTab": 1,
        "stacked": true
      }
    ],
    "direction": "vertical"
  },
  "left": {
    "id": "2533696e460347d0",
    "type": "mobile-drawer",
    "children": [
      {
        "id": "dd40b2ca271967be",
        "type": "leaf",
        "state": {
          "type": "file-explorer",
          "state": {
            "sortOrder": "alphabetical"
          }
        }
      },
      {
        "id": "7172a4fe1b67eae8",
        "type": "leaf",
        "state": {
          "type": "search",
          "state": {
            "query": "tag:#TDNE",
            "matchingCase": false,
            "explainSearch": false,
            "collapseAll": false,
            "extraContext": false,
            "sortOrder": "alphabetical"
          }
        }
      },
      {
        "id": "744cea1cddad66a3",
        "type": "leaf",
        "state": {
          "type": "tag",
          "state": {
            "sortOrder": "frequency",
            "useHierarchy": true
          }
        }
      },
      {
        "id": "b4c1308188d5cdbe",
        "type": "leaf",
        "state": {
          "type": "bookmarks",
          "state": {}
        }
      }
    ],
    "currentTab": 0
  },
  "right": {
    "id": "1ee0fa0dd9cc0cbe",
    "type": "mobile-drawer",
    "children": [
      {
        "id": "29494c80d7a14362",
        "type": "leaf",
        "state": {
          "type": "outgoing-link",
          "state": {
            "linksCollapsed": false,
            "unlinkedCollapsed": true
          }
        }
      },
      {
        "id": "0d03e6db0dcfcef1",
        "type": "leaf",
        "state": {
          "type": "outline",
          "state": {}
        }
      },
      {
        "id": "e41756a1943fb045",
        "type": "leaf",
        "state": {
          "type": "backlink",
          "state": {
            "collapseAll": false,
            "extraContext": false,
            "sortOrder": "alphabetical",
            "showSearch": false,
            "searchQuery": "",
            "backlinkCollapsed": false,
            "unlinkedCollapsed": true
          }
        }
      }
    ],
    "currentTab": 1
  },
  "left-ribbon": {
    "hiddenItems": {
      "switcher:Open quick switcher": false,
      "graph:Open graph view": false,
      "canvas:Create new canvas": false,
      "daily-notes:Open today's daily note": false,
      "templates:Insert template": false,
      "command-palette:Open command palette": false,
      "audio-recorder:Start/stop recording": false,
      "markdown-importer:Open format converter": false,
      "cmdr:Git: Pull": false,
      "cmdr:Git: Backup": false,
      "cmdr:Toggle stacked tabs": false
    }
  },
  "active": "dd40b2ca271967be",
  "lastOpenFiles": [
    "obsidian/themes/Material Flat",
    "obsidian/themes/Terminal",
    "obsidian/themes/Catppuccin",
    "obsidian/plugins/obsidian-style-settings",
    "obsidian/plugins/obsidian-git",
    "obsidian/plugins/cmdr",
    "obsidian/plugins/calendar",
    "obsidian/themes",
    "obsidian/plugins",
    "obsidian/snippets",
    "obsidian/27-09-2023.md",
    "obsidian/27-09-2023.md",
    "obsidian",
    "α.md",
    "26-09-2023.md",
    "Untitled.md",
    "The Darkness Never Ends/Part 1/Part 1 – Chapter 0.md",
    "§.canvas",
    "The Darkness Never Ends/Part 1/Part 1 – Chapter 1.md",
    "The Darkness Never Ends/Part 1/Part 1 – Chapter 2.md",
    "β.md",
    "The Darkness Never Ends/The Darkness Never Ends.md",
    "25-09-2023.md",
    "The Darkness Never Ends/Titles.md",
    "The Darkness Never Ends/Plotline.md",
    "2023-09-25.md",
    "README.md",
    "/README.md",
    "publish/accepted-markdown-metadata.md",
    "publish/install-linked-blog-starter-locally.md",
    "publish/works-out-of-the-box-with-markdown-files.md",
    "publish/update-publish-settings-github-actions.md",
    "publish/statically-generated.md",
    "publish/reinventing-the-wheel.md",
    "publish/publish-your-obsidian-notes-with-linked-blog-starter.md",
    "publish/linked-blog-starter-does-not-reinvent-wheel.md",
    "publish/how-linked-blog-starter-works.md",
    "publish/attachments/vercel-project-id.png",
    "publish/attachments/vercel-create-token.png",
    "publish/attachments/vercel-account-id.png",
    "publish/attachments/publish-dir-yml.png",
    "publish/attachments/how-linked-blog-starter-works.png",
    "publish/attachments/github-secrets-vercel.png",
    "publish/attachments/fork-linked-blog-starter-md.png",
    "publish/attachments/fn-website-demo.gif",
    "publish/attachments/enable-actions-github.png",
    "publish/attachments/disconnect-repo-vercel.png",
    "∆.canvas"
  ]
}